compound,coverage,aac_std,manual_moa_class,pubchem_link,chembl_link,google_link,confidence,annotation_note
Leptomycin B,549,0.18660067,Other/Unknown,https://pubchem.ncbi.nlm.nih.gov/#query=Leptomycin%20B,https://www.ebi.ac.uk/chembl/g/#search_results/all/query=Leptomycin%20B,https://www.google.com/search?q=Leptomycin%20B%20mechanism%20of%20action,high,CRM1/XPO1 nuclear export inhibitor -- no matching bucket
I-Bet151 (gsk1210151A),544,0.12502305,Epigenetic,https://pubchem.ncbi.nlm.nih.gov/#query=I-Bet151%20%28gsk1210151A%29,https://www.ebi.ac.uk/chembl/g/#search_results/all/query=I-Bet151%20%28gsk1210151A%29,https://www.google.com/search?q=I-Bet151%20%28gsk1210151A%29%20mechanism%20of%20action,high,BET bromodomain inhibitor
N-Hexanoylsphingosine,544,0.04574812,Metabolic,https://pubchem.ncbi.nlm.nih.gov/#query=N-Hexanoylsphingosine,https://www.ebi.ac.uk/chembl/g/#search_results/all/query=N-Hexanoylsphingosine,https://www.google.com/search?q=N-Hexanoylsphingosine%20mechanism%20of%20action,medium,"cell-permeable ceramide analog, sphingolipid signaling"
CAY10618,544,0.18722667,Metabolic,https://pubchem.ncbi.nlm.nih.gov/#query=CAY10618,https://www.ebi.ac.uk/chembl/g/#search_results/all/query=CAY10618,https://www.google.com/search?q=CAY10618%20mechanism%20of%20action,medium,"NAMPT inhibitor, NAD+ salvage pathway"
Ciclopirox,543,0.08439354,Metabolic,https://pubchem.ncbi.nlm.nih.gov/#query=Ciclopirox,https://www.ebi.ac.uk/chembl/g/#search_results/all/query=Ciclopirox,https://www.google.com/search?q=Ciclopirox%20mechanism%20of%20action,low,"iron chelator, affects iron-dependent metabolic enzymes"
BRD-K63431240,542,0.10156933,Other/Unknown,https://pubchem.ncbi.nlm.nih.gov/#query=BRD-K63431240,https://www.ebi.ac.uk/chembl/g/#search_results/all/query=BRD-K63431240,https://www.google.com/search?q=BRD-K63431240%20mechanism%20of%20action,high,"Broad internal ID, no public target info"
sirolimus:bortezomib (250:1 mol/mol),542,0.16007812,Other/Unknown,https://pubchem.ncbi.nlm.nih.gov/#query=sirolimus%3Abortezomib%20%28250%3A1%20mol/mol%29,https://www.ebi.ac.uk/chembl/g/#search_results/all/query=sirolimus%3Abortezomib%20%28250%3A1%20mol/mol%29,https://www.google.com/search?q=sirolimus%3Abortezomib%20%28250%3A1%20mol/mol%29%20mechanism%20of%20action,high,combo: mTOR inhibitor + proteasome inhibitor (differing classes)
Pha-793887,542,0.13038528,Kinase inhibitor,https://pubchem.ncbi.nlm.nih.gov/#query=Pha-793887,https://www.ebi.ac.uk/chembl/g/#search_results/all/query=Pha-793887,https://www.google.com/search?q=Pha-793887%20mechanism%20of%20action,high,pan-CDK inhibitor
ceranib-2,541,0.108826764,Metabolic,https://pubchem.ncbi.nlm.nih.gov/#query=ceranib-2,https://www.ebi.ac.uk/chembl/g/#search_results/all/query=ceranib-2,https://www.google.com/search?q=ceranib-2%20mechanism%20of%20action,high,"acid ceramidase inhibitor, sphingolipid metabolism"
NVP-BSK805,539,0.06894545,Kinase inhibitor,https://pubchem.ncbi.nlm.nih.gov/#query=NVP-BSK805,https://www.ebi.ac.uk/chembl/g/#search_results/all/query=NVP-BSK805,https://www.google.com/search?q=NVP-BSK805%20mechanism%20of%20action,high,JAK2 inhibitor
Ko-143,538,0.05532615,Other/Unknown,https://pubchem.ncbi.nlm.nih.gov/#query=Ko-143,https://www.ebi.ac.uk/chembl/g/#search_results/all/query=Ko-143,https://www.google.com/search?q=Ko-143%20mechanism%20of%20action,high,BCRP/ABCG2 efflux transporter inhibitor -- no matching bucket
ML162,538,0.17241228,Metabolic,https://pubchem.ncbi.nlm.nih.gov/#query=ML162,https://www.ebi.ac.uk/chembl/g/#search_results/all/query=ML162,https://www.google.com/search?q=ML162%20mechanism%20of%20action,high,"GPX4 inhibitor, ferroptosis/lipid peroxidation"
BRD-K35604418,538,0.08206832,Other/Unknown,https://pubchem.ncbi.nlm.nih.gov/#query=BRD-K35604418,https://www.ebi.ac.uk/chembl/g/#search_results/all/query=BRD-K35604418,https://www.google.com/search?q=BRD-K35604418%20mechanism%20of%20action,high,Broad internal ID
BRD-K41597374,537,0.04510296,Other/Unknown,https://pubchem.ncbi.nlm.nih.gov/#query=BRD-K41597374,https://www.ebi.ac.uk/chembl/g/#search_results/all/query=BRD-K41597374,https://www.google.com/search?q=BRD-K41597374%20mechanism%20of%20action,high,Broad internal ID
CCT036477,537,0.04535225,Other/Unknown,https://pubchem.ncbi.nlm.nih.gov/#query=CCT036477,https://www.ebi.ac.uk/chembl/g/#search_results/all/query=CCT036477,https://www.google.com/search?q=CCT036477%20mechanism%20of%20action,low,identity/target not confidently known
TPCA-1,537,0.08420559,Kinase inhibitor,https://pubchem.ncbi.nlm.nih.gov/#query=TPCA-1,https://www.ebi.ac.uk/chembl/g/#search_results/all/query=TPCA-1,https://www.google.com/search?q=TPCA-1%20mechanism%20of%20action,high,IKK-2/IKBKB inhibitor
SR-II-138A,537,0.15896119,Other/Unknown,https://pubchem.ncbi.nlm.nih.gov/#query=SR-II-138A,https://www.ebi.ac.uk/chembl/g/#search_results/all/query=SR-II-138A,https://www.google.com/search?q=SR-II-138A%20mechanism%20of%20action,low,target not confidently known
BRD-K50799972,536,0.043354753,Other/Unknown,https://pubchem.ncbi.nlm.nih.gov/#query=BRD-K50799972,https://www.ebi.ac.uk/chembl/g/#search_results/all/query=BRD-K50799972,https://www.google.com/search?q=BRD-K50799972%20mechanism%20of%20action,high,Broad internal ID
CHM-1,536,0.09274492,Cytoskeleton/cell cycle,https://pubchem.ncbi.nlm.nih.gov/#query=CHM-1,https://www.ebi.ac.uk/chembl/g/#search_results/all/query=CHM-1,https://www.google.com/search?q=CHM-1%20mechanism%20of%20action,medium,tubulin polymerization inhibitor (colchicine site)
Phloretin,536,0.059669394,Metabolic,https://pubchem.ncbi.nlm.nih.gov/#query=Phloretin,https://www.ebi.ac.uk/chembl/g/#search_results/all/query=Phloretin,https://www.google.com/search?q=Phloretin%20mechanism%20of%20action,high,GLUT glucose transporter inhibitor
YK 4-279,535,0.08098404,Other/Unknown,https://pubchem.ncbi.nlm.nih.gov/#query=YK%204-279,https://www.ebi.ac.uk/chembl/g/#search_results/all/query=YK%204-279,https://www.google.com/search?q=YK%204-279%20mechanism%20of%20action,medium,EWS-FLI1 transcription-factor PPI inhibitor -- no matching bucket
selumetinib:BRD-A02303741 (4:1 mol/mol),535,0.15597221,Other/Unknown,https://pubchem.ncbi.nlm.nih.gov/#query=selumetinib%3ABRD-A02303741%20%284%3A1%20mol/mol%29,https://www.ebi.ac.uk/chembl/g/#search_results/all/query=selumetinib%3ABRD-A02303741%20%284%3A1%20mol/mol%29,https://www.google.com/search?q=selumetinib%3ABRD-A02303741%20%284%3A1%20mol/mol%29%20mechanism%20of%20action,high,"combo, second component unidentified"
Molibresib,535,0.10933868,Epigenetic,https://pubchem.ncbi.nlm.nih.gov/#query=Molibresib,https://www.ebi.ac.uk/chembl/g/#search_results/all/query=Molibresib,https://www.google.com/search?q=Molibresib%20mechanism%20of%20action,high,BET bromodomain inhibitor (GSK525762)
Carboplatinum,535,0.042213496,DNA damage/repair,https://pubchem.ncbi.nlm.nih.gov/#query=Carboplatinum,https://www.ebi.ac.uk/chembl/g/#search_results/all/query=Carboplatinum,https://www.google.com/search?q=Carboplatinum%20mechanism%20of%20action,high,platinum DNA crosslinking agent
JQ1 compound,534,0.1399429,Epigenetic,https://pubchem.ncbi.nlm.nih.gov/#query=JQ1%20compound,https://www.ebi.ac.uk/chembl/g/#search_results/all/query=JQ1%20compound,https://www.google.com/search?q=JQ1%20compound%20mechanism%20of%20action,high,BET bromodomain inhibitor (BRD4)
selumetinib:UNC0638 (4:1 mol/mol),533,0.14909157,Other/Unknown,https://pubchem.ncbi.nlm.nih.gov/#query=selumetinib%3AUNC0638%20%284%3A1%20mol/mol%29,https://www.ebi.ac.uk/chembl/g/#search_results/all/query=selumetinib%3AUNC0638%20%284%3A1%20mol/mol%29,https://www.google.com/search?q=selumetinib%3AUNC0638%20%284%3A1%20mol/mol%29%20mechanism%20of%20action,high,combo: MEK inhibitor + G9a inhibitor (differing classes)
"1,9-Pyrazoloanthrone",533,0.054263346,Kinase inhibitor,https://pubchem.ncbi.nlm.nih.gov/#query=1%2C9-Pyrazoloanthrone,https://www.ebi.ac.uk/chembl/g/#search_results/all/query=1%2C9-Pyrazoloanthrone,https://www.google.com/search?q=1%2C9-Pyrazoloanthrone%20mechanism%20of%20action,high,JNK inhibitor (SP600125)
GMX-1778,533,0.14093891,Metabolic,https://pubchem.ncbi.nlm.nih.gov/#query=GMX-1778,https://www.ebi.ac.uk/chembl/g/#search_results/all/query=GMX-1778,https://www.google.com/search?q=GMX-1778%20mechanism%20of%20action,high,NAMPT inhibitor
Telomerase Inhibitor IX,532,0.06052078,DNA damage/repair,https://pubchem.ncbi.nlm.nih.gov/#query=Telomerase%20Inhibitor%20IX,https://www.ebi.ac.uk/chembl/g/#search_results/all/query=Telomerase%20Inhibitor%20IX,https://www.google.com/search?q=Telomerase%20Inhibitor%20IX%20mechanism%20of%20action,medium,"telomerase inhibitor, telomere maintenance"
BIBR-1532,531,0.05801844,DNA damage/repair,https://pubchem.ncbi.nlm.nih.gov/#query=BIBR-1532,https://www.ebi.ac.uk/chembl/g/#search_results/all/query=BIBR-1532,https://www.google.com/search?q=BIBR-1532%20mechanism%20of%20action,high,telomerase inhibitor
SCH-79797,529,0.091189,Receptor,https://pubchem.ncbi.nlm.nih.gov/#query=SCH-79797,https://www.ebi.ac.uk/chembl/g/#search_results/all/query=SCH-79797,https://www.google.com/search?q=SCH-79797%20mechanism%20of%20action,high,PAR1 (protease-activated receptor 1) antagonist
PF-543,529,0.04988555,Metabolic,https://pubchem.ncbi.nlm.nih.gov/#query=PF-543,https://www.ebi.ac.uk/chembl/g/#search_results/all/query=PF-543,https://www.google.com/search?q=PF-543%20mechanism%20of%20action,high,"sphingosine kinase 1 inhibitor, sphingolipid pathway"
Obatoclax,529,0.10815547,Other/Unknown,https://pubchem.ncbi.nlm.nih.gov/#query=Obatoclax,https://www.ebi.ac.uk/chembl/g/#search_results/all/query=Obatoclax,https://www.google.com/search?q=Obatoclax%20mechanism%20of%20action,high,pan-BCL-2 family inhibitor -- no matching bucket
decitabine:carboplatin (1:1 mol/mol),529,0.14017954,Other/Unknown,https://pubchem.ncbi.nlm.nih.gov/#query=decitabine%3Acarboplatin%20%281%3A1%20mol/mol%29,https://www.ebi.ac.uk/chembl/g/#search_results/all/query=decitabine%3Acarboplatin%20%281%3A1%20mol/mol%29,https://www.google.com/search?q=decitabine%3Acarboplatin%20%281%3A1%20mol/mol%29%20mechanism%20of%20action,high,combo: DNMT inhibitor + DNA-damaging agent (differing classes)
BRD1812,529,0.06612241,Other/Unknown,https://pubchem.ncbi.nlm.nih.gov/#query=BRD1812,https://www.ebi.ac.uk/chembl/g/#search_results/all/query=BRD1812,https://www.google.com/search?q=BRD1812%20mechanism%20of%20action,high,Broad internal ID
PX-12,528,0.07925597,Metabolic,https://pubchem.ncbi.nlm.nih.gov/#query=PX-12,https://www.ebi.ac.uk/chembl/g/#search_results/all/query=PX-12,https://www.google.com/search?q=PX-12%20mechanism%20of%20action,high,"thioredoxin-1 inhibitor, redox metabolism"
Nutlin-3,528,0.08812596,Proteasome/protein,https://pubchem.ncbi.nlm.nih.gov/#query=Nutlin-3,https://www.ebi.ac.uk/chembl/g/#search_results/all/query=Nutlin-3,https://www.google.com/search?q=Nutlin-3%20mechanism%20of%20action,high,"MDM2 inhibitor, p53-ubiquitin axis"
Semagacestat,527,0.04298413,Receptor,https://pubchem.ncbi.nlm.nih.gov/#query=Semagacestat,https://www.ebi.ac.uk/chembl/g/#search_results/all/query=Semagacestat,https://www.google.com/search?q=Semagacestat%20mechanism%20of%20action,medium,"gamma-secretase inhibitor, Notch pathway"
BRD1835,527,0.04684051,Other/Unknown,https://pubchem.ncbi.nlm.nih.gov/#query=BRD1835,https://www.ebi.ac.uk/chembl/g/#search_results/all/query=BRD1835,https://www.google.com/search?q=BRD1835%20mechanism%20of%20action,high,Broad internal ID
apicidin,526,0.12533042,Epigenetic,https://pubchem.ncbi.nlm.nih.gov/#query=apicidin,https://www.ebi.ac.uk/chembl/g/#search_results/all/query=apicidin,https://www.google.com/search?q=apicidin%20mechanism%20of%20action,high,HDAC inhibitor
Unii-40E3azg1MX,526,0.09147937,Other/Unknown,https://pubchem.ncbi.nlm.nih.gov/#query=Unii-40E3azg1MX,https://www.ebi.ac.uk/chembl/g/#search_results/all/query=Unii-40E3azg1MX,https://www.google.com/search?q=Unii-40E3azg1MX%20mechanism%20of%20action,high,"generic UNII code, identity unclear"
carboplatin:etoposide (40:17 mol/mol),525,0.11242506,DNA damage/repair,https://pubchem.ncbi.nlm.nih.gov/#query=carboplatin%3Aetoposide%20%2840%3A17%20mol/mol%29,https://www.ebi.ac.uk/chembl/g/#search_results/all/query=carboplatin%3Aetoposide%20%2840%3A17%20mol/mol%29,https://www.google.com/search?q=carboplatin%3Aetoposide%20%2840%3A17%20mol/mol%29%20mechanism%20of%20action,high,combo: both platinum crosslinker + topoisomerase II inhibitor (same class)
SNX-2112:bortezomib (250:1 mol/mol),525,0.13346128,Proteasome/protein,https://pubchem.ncbi.nlm.nih.gov/#query=SNX-2112%3Abortezomib%20%28250%3A1%20mol/mol%29,https://www.ebi.ac.uk/chembl/g/#search_results/all/query=SNX-2112%3Abortezomib%20%28250%3A1%20mol/mol%29,https://www.google.com/search?q=SNX-2112%3Abortezomib%20%28250%3A1%20mol/mol%29%20mechanism%20of%20action,high,combo: both HSP90 inhibitor + proteasome inhibitor (same class)
ML311,525,0.09087405,Other/Unknown,https://pubchem.ncbi.nlm.nih.gov/#query=ML311,https://www.ebi.ac.uk/chembl/g/#search_results/all/query=ML311,https://www.google.com/search?q=ML311%20mechanism%20of%20action,low,identity/target not confidently known
NSC48300,525,0.06647169,Other/Unknown,https://pubchem.ncbi.nlm.nih.gov/#query=NSC48300,https://www.ebi.ac.uk/chembl/g/#search_results/all/query=NSC48300,https://www.google.com/search?q=NSC48300%20mechanism%20of%20action,low,identity/target not confidently known
Platinum,524,0.04462933,DNA damage/repair,https://pubchem.ncbi.nlm.nih.gov/#query=Platinum,https://www.ebi.ac.uk/chembl/g/#search_results/all/query=Platinum,https://www.google.com/search?q=Platinum%20mechanism%20of%20action,medium,platinum-based DNA crosslinking agent (generic name)
Erastin,524,0.13215171,Metabolic,https://pubchem.ncbi.nlm.nih.gov/#query=Erastin,https://www.ebi.ac.uk/chembl/g/#search_results/all/query=Erastin,https://www.google.com/search?q=Erastin%20mechanism%20of%20action,high,"system xc- (cystine/glutamate antiporter) inhibitor, ferroptosis"
BRD-K80183349,524,0.06433314,Other/Unknown,https://pubchem.ncbi.nlm.nih.gov/#query=BRD-K80183349,https://www.ebi.ac.uk/chembl/g/#search_results/all/query=BRD-K80183349,https://www.google.com/search?q=BRD-K80183349%20mechanism%20of%20action,high,Broad internal ID
DBeQ,524,0.05950952,Proteasome/protein,https://pubchem.ncbi.nlm.nih.gov/#query=DBeQ,https://www.ebi.ac.uk/chembl/g/#search_results/all/query=DBeQ,https://www.google.com/search?q=DBeQ%20mechanism%20of%20action,medium,"p97/VCP ATPase inhibitor, ERAD/protein degradation pathway"
Cerulenin,524,0.066441804,Metabolic,https://pubchem.ncbi.nlm.nih.gov/#query=Cerulenin,https://www.ebi.ac.uk/chembl/g/#search_results/all/query=Cerulenin,https://www.google.com/search?q=Cerulenin%20mechanism%20of%20action,high,fatty acid synthase (FASN) inhibitor
ML006,524,0.0574538,Other/Unknown,https://pubchem.ncbi.nlm.nih.gov/#query=ML006,https://www.ebi.ac.uk/chembl/g/#search_results/all/query=ML006,https://www.google.com/search?q=ML006%20mechanism%20of%20action,low,identity/target not confidently known
BMS-270394,523,0.04548462,Other/Unknown,https://pubchem.ncbi.nlm.nih.gov/#query=BMS-270394,https://www.ebi.ac.uk/chembl/g/#search_results/all/query=BMS-270394,https://www.google.com/search?q=BMS-270394%20mechanism%20of%20action,low,identity/target not confidently known
BRD9647,523,0.044388395,Other/Unknown,https://pubchem.ncbi.nlm.nih.gov/#query=BRD9647,https://www.ebi.ac.uk/chembl/g/#search_results/all/query=BRD9647,https://www.google.com/search?q=BRD9647%20mechanism%20of%20action,high,Broad internal ID
LY-2183240,523,0.08353367,Metabolic,https://pubchem.ncbi.nlm.nih.gov/#query=LY-2183240,https://www.ebi.ac.uk/chembl/g/#search_results/all/query=LY-2183240,https://www.google.com/search?q=LY-2183240%20mechanism%20of%20action,medium,"FAAH inhibitor / anandamide transport inhibitor, endocannabinoid metabolism"
selumetinib:GDC-0941 (4:1 mol/mol),522,0.14017528,Kinase inhibitor,https://pubchem.ncbi.nlm.nih.gov/#query=selumetinib%3AGDC-0941%20%284%3A1%20mol/mol%29,https://www.ebi.ac.uk/chembl/g/#search_results/all/query=selumetinib%3AGDC-0941%20%284%3A1%20mol/mol%29,https://www.google.com/search?q=selumetinib%3AGDC-0941%20%284%3A1%20mol/mol%29%20mechanism%20of%20action,high,combo: both MEK inhibitor + PI3K inhibitor (same class)
Mdivi-1,522,0.050500687,Other/Unknown,https://pubchem.ncbi.nlm.nih.gov/#query=Mdivi-1,https://www.ebi.ac.uk/chembl/g/#search_results/all/query=Mdivi-1,https://www.google.com/search?q=Mdivi-1%20mechanism%20of%20action,medium,mitochondrial fission (Drp1/DNM1L) inhibitor -- no matching bucket
TW 37,522,0.09716137,Other/Unknown,https://pubchem.ncbi.nlm.nih.gov/#query=TW%2037,https://www.ebi.ac.uk/chembl/g/#search_results/all/query=TW%2037,https://www.google.com/search?q=TW%2037%20mechanism%20of%20action,high,BCL-2 family inhibitor -- no matching bucket
BRD-K88742110,522,0.045508794,Other/Unknown,https://pubchem.ncbi.nlm.nih.gov/#query=BRD-K88742110,https://www.ebi.ac.uk/chembl/g/#search_results/all/query=BRD-K88742110,https://www.google.com/search?q=BRD-K88742110%20mechanism%20of%20action,high,Broad internal ID
Compound 23 citrate,521,0.066855736,Other/Unknown,https://pubchem.ncbi.nlm.nih.gov/#query=Compound%2023%20citrate,https://www.ebi.ac.uk/chembl/g/#search_results/all/query=Compound%2023%20citrate,https://www.google.com/search?q=Compound%2023%20citrate%20mechanism%20of%20action,low,identity/target not confidently known
BRD-K29313308,521,0.052352853,Other/Unknown,https://pubchem.ncbi.nlm.nih.gov/#query=BRD-K29313308,https://www.ebi.ac.uk/chembl/g/#search_results/all/query=BRD-K29313308,https://www.google.com/search?q=BRD-K29313308%20mechanism%20of%20action,high,Broad internal ID
BRD-K24690302,521,0.0538889,Other/Unknown,https://pubchem.ncbi.nlm.nih.gov/#query=BRD-K24690302,https://www.ebi.ac.uk/chembl/g/#search_results/all/query=BRD-K24690302,https://www.google.com/search?q=BRD-K24690302%20mechanism%20of%20action,high,Broad internal ID
ML239,521,0.07408411,Metabolic,https://pubchem.ncbi.nlm.nih.gov/#query=ML239,https://www.ebi.ac.uk/chembl/g/#search_results/all/query=ML239,https://www.google.com/search?q=ML239%20mechanism%20of%20action,medium,"SCD1 (stearoyl-CoA desaturase) inhibitor, lipid metabolism"
Triazolothiadiazine,520,0.1677799,Other/Unknown,https://pubchem.ncbi.nlm.nih.gov/#query=Triazolothiadiazine,https://www.ebi.ac.uk/chembl/g/#search_results/all/query=Triazolothiadiazine,https://www.google.com/search?q=Triazolothiadiazine%20mechanism%20of%20action,low,"generic chemical-class name, specific target unclear"
Piperlongumine,519,0.07365711,Metabolic,https://pubchem.ncbi.nlm.nih.gov/#query=Piperlongumine,https://www.ebi.ac.uk/chembl/g/#search_results/all/query=Piperlongumine,https://www.google.com/search?q=Piperlongumine%20mechanism%20of%20action,medium,"ROS-inducing agent, GSTP1 inhibitor, redox/glutathione metabolism"
HLI 373,519,0.04811012,Proteasome/protein,https://pubchem.ncbi.nlm.nih.gov/#query=HLI%20373,https://www.ebi.ac.uk/chembl/g/#search_results/all/query=HLI%20373,https://www.google.com/search?q=HLI%20373%20mechanism%20of%20action,medium,USP7 deubiquitinase / MDM2-p53 pathway modulator
Cucurbitacin I,517,0.14108552,Other/Unknown,https://pubchem.ncbi.nlm.nih.gov/#query=Cucurbitacin%20I,https://www.ebi.ac.uk/chembl/g/#search_results/all/query=Cucurbitacin%20I,https://www.google.com/search?q=Cucurbitacin%20I%20mechanism%20of%20action,medium,"STAT3 inhibitor -- transcription factor, not a kinase itself"
Pluripotin,517,0.1349716,Kinase inhibitor,https://pubchem.ncbi.nlm.nih.gov/#query=Pluripotin,https://www.ebi.ac.uk/chembl/g/#search_results/all/query=Pluripotin,https://www.google.com/search?q=Pluripotin%20mechanism%20of%20action,medium,dual ERK1 / RasGAP inhibitor (SC1)
CR-1-31B,517,0.17156792,Other/Unknown,https://pubchem.ncbi.nlm.nih.gov/#query=CR-1-31B,https://www.ebi.ac.uk/chembl/g/#search_results/all/query=CR-1-31B,https://www.google.com/search?q=CR-1-31B%20mechanism%20of%20action,low,identity/target not confidently known
ML083,517,0.04037746,Other/Unknown,https://pubchem.ncbi.nlm.nih.gov/#query=ML083,https://www.ebi.ac.uk/chembl/g/#search_results/all/query=ML083,https://www.google.com/search?q=ML083%20mechanism%20of%20action,low,identity/target not confidently known
serdemetan:SCH-529074 (1:1 mol/mol),516,0.063618354,Proteasome/protein,https://pubchem.ncbi.nlm.nih.gov/#query=serdemetan%3ASCH-529074%20%281%3A1%20mol/mol%29,https://www.ebi.ac.uk/chembl/g/#search_results/all/query=serdemetan%3ASCH-529074%20%281%3A1%20mol/mol%29,https://www.google.com/search?q=serdemetan%3ASCH-529074%20%281%3A1%20mol/mol%29%20mechanism%20of%20action,medium,combo: both MDM2/p53 pathway modulators (same class)
pifithrin-alpha,516,0.057291668,Other/Unknown,https://pubchem.ncbi.nlm.nih.gov/#query=pifithrin-alpha,https://www.ebi.ac.uk/chembl/g/#search_results/all/query=pifithrin-alpha,https://www.google.com/search?q=pifithrin-alpha%20mechanism%20of%20action,medium,p53 transcriptional-activity inhibitor -- no matching bucket
FQI-2,515,0.1093459,Other/Unknown,https://pubchem.ncbi.nlm.nih.gov/#query=FQI-2,https://www.ebi.ac.uk/chembl/g/#search_results/all/query=FQI-2,https://www.google.com/search?q=FQI-2%20mechanism%20of%20action,medium,LSF/TFCP2 transcription factor inhibitor -- no matching bucket
Rita,514,0.16051307,Proteasome/protein,https://pubchem.ncbi.nlm.nih.gov/#query=Rita,https://www.ebi.ac.uk/chembl/g/#search_results/all/query=Rita,https://www.google.com/search?q=Rita%20mechanism%20of%20action,medium,disrupts MDM2-p53 interaction
nakiterpiosin,514,0.113884225,Receptor,https://pubchem.ncbi.nlm.nih.gov/#query=nakiterpiosin,https://www.ebi.ac.uk/chembl/g/#search_results/all/query=nakiterpiosin,https://www.google.com/search?q=nakiterpiosin%20mechanism%20of%20action,medium,Hedgehog pathway (GLI) inhibitor
JQ-1:carboplatin (1:1 mol/mol),514,0.12522057,Other/Unknown,https://pubchem.ncbi.nlm.nih.gov/#query=JQ-1%3Acarboplatin%20%281%3A1%20mol/mol%29,https://www.ebi.ac.uk/chembl/g/#search_results/all/query=JQ-1%3Acarboplatin%20%281%3A1%20mol/mol%29,https://www.google.com/search?q=JQ-1%3Acarboplatin%20%281%3A1%20mol/mol%29%20mechanism%20of%20action,high,combo: BET inhibitor + DNA-damaging agent (differing classes)
BRD-K85133207,514,0.051885128,Other/Unknown,https://pubchem.ncbi.nlm.nih.gov/#query=BRD-K85133207,https://www.ebi.ac.uk/chembl/g/#search_results/all/query=BRD-K85133207,https://www.google.com/search?q=BRD-K85133207%20mechanism%20of%20action,high,Broad internal ID
Sildenafil,514,0.04946065,Metabolic,https://pubchem.ncbi.nlm.nih.gov/#query=Sildenafil,https://www.ebi.ac.uk/chembl/g/#search_results/all/query=Sildenafil,https://www.google.com/search?q=Sildenafil%20mechanism%20of%20action,medium,"PDE5 inhibitor, cyclic nucleotide metabolism"
BRD-K34222889,513,0.09613265,Other/Unknown,https://pubchem.ncbi.nlm.nih.gov/#query=BRD-K34222889,https://www.ebi.ac.uk/chembl/g/#search_results/all/query=BRD-K34222889,https://www.google.com/search?q=BRD-K34222889%20mechanism%20of%20action,high,Broad internal ID
tretinoin:carboplatin (2:1 mol/mol),512,0.097649224,Other/Unknown,https://pubchem.ncbi.nlm.nih.gov/#query=tretinoin%3Acarboplatin%20%282%3A1%20mol/mol%29,https://www.ebi.ac.uk/chembl/g/#search_results/all/query=tretinoin%3Acarboplatin%20%282%3A1%20mol/mol%29,https://www.google.com/search?q=tretinoin%3Acarboplatin%20%282%3A1%20mol/mol%29%20mechanism%20of%20action,high,combo: retinoic acid receptor agonist + DNA-damaging agent (differing classes)
N9-Isopropyl-olomoucine,511,0.056880143,Kinase inhibitor,https://pubchem.ncbi.nlm.nih.gov/#query=N9-Isopropyl-olomoucine,https://www.ebi.ac.uk/chembl/g/#search_results/all/query=N9-Isopropyl-olomoucine,https://www.google.com/search?q=N9-Isopropyl-olomoucine%20mechanism%20of%20action,high,CDK inhibitor (olomoucine analog)
Bleomycin a2,510,0.13324234,DNA damage/repair,https://pubchem.ncbi.nlm.nih.gov/#query=Bleomycin%20a2,https://www.ebi.ac.uk/chembl/g/#search_results/all/query=Bleomycin%20a2,https://www.google.com/search?q=Bleomycin%20a2%20mechanism%20of%20action,high,DNA-cleaving glycopeptide antibiotic
PDMP,510,0.04478428,Metabolic,https://pubchem.ncbi.nlm.nih.gov/#query=PDMP,https://www.ebi.ac.uk/chembl/g/#search_results/all/query=PDMP,https://www.google.com/search?q=PDMP%20mechanism%20of%20action,high,"glucosylceramide synthase inhibitor, sphingolipid metabolism"
Fumonisin B(1),510,0.046300177,Metabolic,https://pubchem.ncbi.nlm.nih.gov/#query=Fumonisin%20B%281%29,https://www.ebi.ac.uk/chembl/g/#search_results/all/query=Fumonisin%20B%281%29,https://www.google.com/search?q=Fumonisin%20B%281%29%20mechanism%20of%20action,high,"ceramide synthase inhibitor (mycotoxin), sphingolipid metabolism"
BRD-K71935468,509,0.08298989,Other/Unknown,https://pubchem.ncbi.nlm.nih.gov/#query=BRD-K71935468,https://www.ebi.ac.uk/chembl/g/#search_results/all/query=BRD-K71935468,https://www.google.com/search?q=BRD-K71935468%20mechanism%20of%20action,high,Broad internal ID
BMS-345541 free base,508,0.05506013,Kinase inhibitor,https://pubchem.ncbi.nlm.nih.gov/#query=BMS-345541%20free%20base,https://www.ebi.ac.uk/chembl/g/#search_results/all/query=BMS-345541%20free%20base,https://www.google.com/search?q=BMS-345541%20free%20base%20mechanism%20of%20action,high,"IKK-beta inhibitor, NF-kB pathway"
BRD-K03536150,507,0.070859626,Other/Unknown,https://pubchem.ncbi.nlm.nih.gov/#query=BRD-K03536150,https://www.ebi.ac.uk/chembl/g/#search_results/all/query=BRD-K03536150,https://www.google.com/search?q=BRD-K03536150%20mechanism%20of%20action,high,Broad internal ID
necrostatin-1,507,0.05795886,Kinase inhibitor,https://pubchem.ncbi.nlm.nih.gov/#query=necrostatin-1,https://www.ebi.ac.uk/chembl/g/#search_results/all/query=necrostatin-1,https://www.google.com/search?q=necrostatin-1%20mechanism%20of%20action,high,RIP1 kinase inhibitor (necroptosis)
Pac-1,507,0.06737424,Other/Unknown,https://pubchem.ncbi.nlm.nih.gov/#query=Pac-1,https://www.ebi.ac.uk/chembl/g/#search_results/all/query=Pac-1,https://www.google.com/search?q=Pac-1%20mechanism%20of%20action,medium,"procaspase-3 activator -- apoptotic protease, not ubiquitin-proteasome"
NVP-231,507,0.087348536,Kinase inhibitor,https://pubchem.ncbi.nlm.nih.gov/#query=NVP-231,https://www.ebi.ac.uk/chembl/g/#search_results/all/query=NVP-231,https://www.google.com/search?q=NVP-231%20mechanism%20of%20action,high,CDK9 inhibitor
Indisulam,506,0.10338461,Proteasome/protein,https://pubchem.ncbi.nlm.nih.gov/#query=Indisulam,https://www.ebi.ac.uk/chembl/g/#search_results/all/query=Indisulam,https://www.google.com/search?q=Indisulam%20mechanism%20of%20action,medium,"molecular glue degrader, CRL4-DCAF15-mediated RBM39 degradation"
Gossypol,506,0.07070807,Other/Unknown,https://pubchem.ncbi.nlm.nih.gov/#query=Gossypol,https://www.ebi.ac.uk/chembl/g/#search_results/all/query=Gossypol,https://www.google.com/search?q=Gossypol%20mechanism%20of%20action,high,BCL-2 family inhibitor -- no matching bucket
Triptolide,506,0.085622124,DNA damage/repair,https://pubchem.ncbi.nlm.nih.gov/#query=Triptolide,https://www.ebi.ac.uk/chembl/g/#search_results/all/query=Triptolide,https://www.google.com/search?q=Triptolide%20mechanism%20of%20action,medium,"inhibits XPB/TFIIH, transcription-coupled DNA repair"
RAD51 inhibitor B02,506,0.06964601,DNA damage/repair,https://pubchem.ncbi.nlm.nih.gov/#query=RAD51%20inhibitor%20B02,https://www.ebi.ac.uk/chembl/g/#search_results/all/query=RAD51%20inhibitor%20B02,https://www.google.com/search?q=RAD51%20inhibitor%20B02%20mechanism%20of%20action,high,"RAD51 inhibitor, homologous recombination repair"
ML320,505,0.071822636,Other/Unknown,https://pubchem.ncbi.nlm.nih.gov/#query=ML320,https://www.ebi.ac.uk/chembl/g/#search_results/all/query=ML320,https://www.google.com/search?q=ML320%20mechanism%20of%20action,low,identity/target not confidently known
BRD-K51490254,505,0.041270204,Other/Unknown,https://pubchem.ncbi.nlm.nih.gov/#query=BRD-K51490254,https://www.ebi.ac.uk/chembl/g/#search_results/all/query=BRD-K51490254,https://www.google.com/search?q=BRD-K51490254%20mechanism%20of%20action,high,Broad internal ID
Brefeldin A,505,0.14324947,Other/Unknown,https://pubchem.ncbi.nlm.nih.gov/#query=Brefeldin%20A,https://www.ebi.ac.uk/chembl/g/#search_results/all/query=Brefeldin%20A,https://www.google.com/search?q=Brefeldin%20A%20mechanism%20of%20action,medium,ER-to-Golgi transport (ARF1 GEF) inhibitor -- no matching bucket
Importazole,505,0.096185274,Other/Unknown,https://pubchem.ncbi.nlm.nih.gov/#query=Importazole,https://www.ebi.ac.uk/chembl/g/#search_results/all/query=Importazole,https://www.google.com/search?q=Importazole%20mechanism%20of%20action,medium,nuclear import (importin-beta) inhibitor -- no matching bucket
BRD-K66532283,505,0.07985423,Other/Unknown,https://pubchem.ncbi.nlm.nih.gov/#query=BRD-K66532283,https://www.ebi.ac.uk/chembl/g/#search_results/all/query=BRD-K66532283,https://www.google.com/search?q=BRD-K66532283%20mechanism%20of%20action,high,Broad internal ID
crizotinib:PLX-4032 (2:1 mol/mol),503,0.08912775,Kinase inhibitor,https://pubchem.ncbi.nlm.nih.gov/#query=crizotinib%3APLX-4032%20%282%3A1%20mol/mol%29,https://www.ebi.ac.uk/chembl/g/#search_results/all/query=crizotinib%3APLX-4032%20%282%3A1%20mol/mol%29,https://www.google.com/search?q=crizotinib%3APLX-4032%20%282%3A1%20mol/mol%29%20mechanism%20of%20action,high,combo: both ALK/MET inhibitor + BRAF inhibitor (same class)
Cyclosporin A,503,0.07451295,Other/Unknown,https://pubchem.ncbi.nlm.nih.gov/#query=Cyclosporin%20A,https://www.ebi.ac.uk/chembl/g/#search_results/all/query=Cyclosporin%20A,https://www.google.com/search?q=Cyclosporin%20A%20mechanism%20of%20action,medium,"calcineurin/cyclophilin inhibitor -- phosphatase, no matching bucket"
Serdemetan,503,0.08354528,Proteasome/protein,https://pubchem.ncbi.nlm.nih.gov/#query=Serdemetan,https://www.ebi.ac.uk/chembl/g/#search_results/all/query=Serdemetan,https://www.google.com/search?q=Serdemetan%20mechanism%20of%20action,high,MDM2 inhibitor
BRD-K45681478,502,0.078747936,Other/Unknown,https://pubchem.ncbi.nlm.nih.gov/#query=BRD-K45681478,https://www.ebi.ac.uk/chembl/g/#search_results/all/query=BRD-K45681478,https://www.google.com/search?q=BRD-K45681478%20mechanism%20of%20action,high,Broad internal ID
Necrostatin-7,502,0.04839283,Kinase inhibitor,https://pubchem.ncbi.nlm.nih.gov/#query=Necrostatin-7,https://www.ebi.ac.uk/chembl/g/#search_results/all/query=Necrostatin-7,https://www.google.com/search?q=Necrostatin-7%20mechanism%20of%20action,medium,RIP1 kinase pathway inhibitor (necroptosis)
MK-0752,502,0.041854046,Receptor,https://pubchem.ncbi.nlm.nih.gov/#query=MK-0752,https://www.ebi.ac.uk/chembl/g/#search_results/all/query=MK-0752,https://www.google.com/search?q=MK-0752%20mechanism%20of%20action,high,"gamma-secretase inhibitor, Notch pathway"
KHS101,502,0.06191161,Proteasome/protein,https://pubchem.ncbi.nlm.nih.gov/#query=KHS101,https://www.ebi.ac.uk/chembl/g/#search_results/all/query=KHS101,https://www.google.com/search?q=KHS101%20mechanism%20of%20action,medium,HSP60/HSPD1 chaperone inhibitor
BMS-195614,502,0.041300338,Receptor,https://pubchem.ncbi.nlm.nih.gov/#query=BMS-195614,https://www.ebi.ac.uk/chembl/g/#search_results/all/query=BMS-195614,https://www.google.com/search?q=BMS-195614%20mechanism%20of%20action,medium,retinoic acid receptor antagonist
GANT-61,500,0.057823572,Receptor,https://pubchem.ncbi.nlm.nih.gov/#query=GANT-61,https://www.ebi.ac.uk/chembl/g/#search_results/all/query=GANT-61,https://www.google.com/search?q=GANT-61%20mechanism%20of%20action,high,"GLI transcription factor inhibitor, Hedgehog pathway"
BRD-K28456706,500,0.070539616,Other/Unknown,https://pubchem.ncbi.nlm.nih.gov/#query=BRD-K28456706,https://www.ebi.ac.uk/chembl/g/#search_results/all/query=BRD-K28456706,https://www.google.com/search?q=BRD-K28456706%20mechanism%20of%20action,high,Broad internal ID
Procarbazine,500,0.041806187,DNA damage/repair,https://pubchem.ncbi.nlm.nih.gov/#query=Procarbazine,https://www.ebi.ac.uk/chembl/g/#search_results/all/query=Procarbazine,https://www.google.com/search?q=Procarbazine%20mechanism%20of%20action,high,DNA-alkylating chemotherapy agent
selumetinib:JQ-1 (4:1 mol/mol),500,0.16346514,Other/Unknown,https://pubchem.ncbi.nlm.nih.gov/#query=selumetinib%3AJQ-1%20%284%3A1%20mol/mol%29,https://www.ebi.ac.uk/chembl/g/#search_results/all/query=selumetinib%3AJQ-1%20%284%3A1%20mol/mol%29,https://www.google.com/search?q=selumetinib%3AJQ-1%20%284%3A1%20mol/mol%29%20mechanism%20of%20action,high,combo: MEK inhibitor + BET inhibitor (differing classes)
BRD-K66453893,499,0.08103603,Other/Unknown,https://pubchem.ncbi.nlm.nih.gov/#query=BRD-K66453893,https://www.ebi.ac.uk/chembl/g/#search_results/all/query=BRD-K66453893,https://www.google.com/search?q=BRD-K66453893%20mechanism%20of%20action,high,Broad internal ID
CAY10594,499,0.042087816,Other/Unknown,https://pubchem.ncbi.nlm.nih.gov/#query=CAY10594,https://www.ebi.ac.uk/chembl/g/#search_results/all/query=CAY10594,https://www.google.com/search?q=CAY10594%20mechanism%20of%20action,low,identity/target not confidently known
BRD-A71883111,498,0.041473098,Other/Unknown,https://pubchem.ncbi.nlm.nih.gov/#query=BRD-A71883111,https://www.ebi.ac.uk/chembl/g/#search_results/all/query=BRD-A71883111,https://www.google.com/search?q=BRD-A71883111%20mechanism%20of%20action,high,Broad internal ID
ISOX:bortezomib (250:1 mol/mol),498,0.060578648,Other/Unknown,https://pubchem.ncbi.nlm.nih.gov/#query=ISOX%3Abortezomib%20%28250%3A1%20mol/mol%29,https://www.ebi.ac.uk/chembl/g/#search_results/all/query=ISOX%3Abortezomib%20%28250%3A1%20mol/mol%29,https://www.google.com/search?q=ISOX%3Abortezomib%20%28250%3A1%20mol/mol%29%20mechanism%20of%20action,high,combo: HDAC inhibitor + proteasome inhibitor (differing classes)
Sepantronium bromide,498,0.14481567,Other/Unknown,https://pubchem.ncbi.nlm.nih.gov/#query=Sepantronium%20bromide,https://www.ebi.ac.uk/chembl/g/#search_results/all/query=Sepantronium%20bromide,https://www.google.com/search?q=Sepantronium%20bromide%20mechanism%20of%20action,medium,"survivin (BIRC5) inhibitor -- IAP family, no matching bucket"
BRD-K70511574,497,0.12866834,Other/Unknown,https://pubchem.ncbi.nlm.nih.gov/#query=BRD-K70511574,https://www.ebi.ac.uk/chembl/g/#search_results/all/query=BRD-K70511574,https://www.google.com/search?q=BRD-K70511574%20mechanism%20of%20action,high,Broad internal ID
Isoevodiamine,496,0.08855437,Other/Unknown,https://pubchem.ncbi.nlm.nih.gov/#query=Isoevodiamine,https://www.ebi.ac.uk/chembl/g/#search_results/all/query=Isoevodiamine,https://www.google.com/search?q=Isoevodiamine%20mechanism%20of%20action,low,"reported multiple mechanisms, low confidence"
BRD-K97651142,495,0.1665648,Other/Unknown,https://pubchem.ncbi.nlm.nih.gov/#query=BRD-K97651142,https://www.ebi.ac.uk/chembl/g/#search_results/all/query=BRD-K97651142,https://www.google.com/search?q=BRD-K97651142%20mechanism%20of%20action,high,Broad internal ID
ML050,495,0.04371183,Other/Unknown,https://pubchem.ncbi.nlm.nih.gov/#query=ML050,https://www.ebi.ac.uk/chembl/g/#search_results/all/query=ML050,https://www.google.com/search?q=ML050%20mechanism%20of%20action,low,identity/target not confidently known
carboplatin:UNC0638 (2:1 mol/mol),495,0.0635923,Other/Unknown,https://pubchem.ncbi.nlm.nih.gov/#query=carboplatin%3AUNC0638%20%282%3A1%20mol/mol%29,https://www.ebi.ac.uk/chembl/g/#search_results/all/query=carboplatin%3AUNC0638%20%282%3A1%20mol/mol%29,https://www.google.com/search?q=carboplatin%3AUNC0638%20%282%3A1%20mol/mol%29%20mechanism%20of%20action,high,combo: DNA-damaging agent + G9a inhibitor (differing classes)
MGCD-265 analog,495,0.09611603,Kinase inhibitor,https://pubchem.ncbi.nlm.nih.gov/#query=MGCD-265%20analog,https://www.ebi.ac.uk/chembl/g/#search_results/all/query=MGCD-265%20analog,https://www.google.com/search?q=MGCD-265%20analog%20mechanism%20of%20action,high,MET/VEGFR/RON kinase inhibitor
CHEMBL1222381,494,0.08305234,Other/Unknown,https://pubchem.ncbi.nlm.nih.gov/#query=CHEMBL1222381,https://www.ebi.ac.uk/chembl/g/#search_results/all/query=CHEMBL1222381,https://www.google.com/search?q=CHEMBL1222381%20mechanism%20of%20action,low,"generic ChEMBL ID, specific identity unclear"
PL-DI,493,0.083854735,Other/Unknown,https://pubchem.ncbi.nlm.nih.gov/#query=PL-DI,https://www.ebi.ac.uk/chembl/g/#search_results/all/query=PL-DI,https://www.google.com/search?q=PL-DI%20mechanism%20of%20action,low,identity/target not confidently known
Adavosertib,493,0.11173583,Kinase inhibitor,https://pubchem.ncbi.nlm.nih.gov/#query=Adavosertib,https://www.ebi.ac.uk/chembl/g/#search_results/all/query=Adavosertib,https://www.google.com/search?q=Adavosertib%20mechanism%20of%20action,high,WEE1 kinase inhibitor
Tosedostat,492,0.089206554,Metabolic,https://pubchem.ncbi.nlm.nih.gov/#query=Tosedostat,https://www.ebi.ac.uk/chembl/g/#search_results/all/query=Tosedostat,https://www.google.com/search?q=Tosedostat%20mechanism%20of%20action,medium,"aminopeptidase inhibitor, amino-acid/protein metabolism"
BRD4132,491,0.06926309,Other/Unknown,https://pubchem.ncbi.nlm.nih.gov/#query=BRD4132,https://www.ebi.ac.uk/chembl/g/#search_results/all/query=BRD4132,https://www.google.com/search?q=BRD4132%20mechanism%20of%20action,high,Broad internal ID
Narciclasine,491,0.1393594,Cytoskeleton/cell cycle,https://pubchem.ncbi.nlm.nih.gov/#query=Narciclasine,https://www.ebi.ac.uk/chembl/g/#search_results/all/query=Narciclasine,https://www.google.com/search?q=Narciclasine%20mechanism%20of%20action,medium,affects actin cytoskeleton via Rho-ROCK-LIMK-cofilin pathway
Betulinic acid,491,0.050861817,Other/Unknown,https://pubchem.ncbi.nlm.nih.gov/#query=Betulinic%20acid,https://www.ebi.ac.uk/chembl/g/#search_results/all/query=Betulinic%20acid,https://www.google.com/search?q=Betulinic%20acid%20mechanism%20of%20action,low,"broad/non-specific apoptosis induction, mechanism debated"
SRT-1720,489,0.054382533,Epigenetic,https://pubchem.ncbi.nlm.nih.gov/#query=SRT-1720,https://www.ebi.ac.uk/chembl/g/#search_results/all/query=SRT-1720,https://www.google.com/search?q=SRT-1720%20mechanism%20of%20action,high,SIRT1 activator (class III HDAC/sirtuin)
selumetinib:decitabine (4:1 mol/mol),489,0.17931071,Other/Unknown,https://pubchem.ncbi.nlm.nih.gov/#query=selumetinib%3Adecitabine%20%284%3A1%20mol/mol%29,https://www.ebi.ac.uk/chembl/g/#search_results/all/query=selumetinib%3Adecitabine%20%284%3A1%20mol/mol%29,https://www.google.com/search?q=selumetinib%3Adecitabine%20%284%3A1%20mol/mol%29%20mechanism%20of%20action,high,combo: MEK inhibitor + DNMT inhibitor (differing classes)
16-beta-bromoandrosterone,489,0.05236307,Metabolic,https://pubchem.ncbi.nlm.nih.gov/#query=16-beta-bromoandrosterone,https://www.ebi.ac.uk/chembl/g/#search_results/all/query=16-beta-bromoandrosterone,https://www.google.com/search?q=16-beta-bromoandrosterone%20mechanism%20of%20action,medium,"androgen derivative, steroid metabolism / AMPK activation"
BRD-K33199242,489,0.04199442,Other/Unknown,https://pubchem.ncbi.nlm.nih.gov/#query=BRD-K33199242,https://www.ebi.ac.uk/chembl/g/#search_results/all/query=BRD-K33199242,https://www.google.com/search?q=BRD-K33199242%20mechanism%20of%20action,high,Broad internal ID
BRD-K92856060,489,0.06205935,Other/Unknown,https://pubchem.ncbi.nlm.nih.gov/#query=BRD-K92856060,https://www.ebi.ac.uk/chembl/g/#search_results/all/query=BRD-K92856060,https://www.google.com/search?q=BRD-K92856060%20mechanism%20of%20action,high,Broad internal ID
BRD-K94991378,489,0.087466605,Other/Unknown,https://pubchem.ncbi.nlm.nih.gov/#query=BRD-K94991378,https://www.ebi.ac.uk/chembl/g/#search_results/all/query=BRD-K94991378,https://www.google.com/search?q=BRD-K94991378%20mechanism%20of%20action,high,Broad internal ID
KU 0060648,489,0.09084655,DNA damage/repair,https://pubchem.ncbi.nlm.nih.gov/#query=KU%200060648,https://www.ebi.ac.uk/chembl/g/#search_results/all/query=KU%200060648,https://www.google.com/search?q=KU%200060648%20mechanism%20of%20action,medium,"dual DNA-PK / PI3K inhibitor, DNA repair kinase"
selumetinib:PLX-4032 (8:1 mol/mol),488,0.15523021,Kinase inhibitor,https://pubchem.ncbi.nlm.nih.gov/#query=selumetinib%3APLX-4032%20%288%3A1%20mol/mol%29,https://www.ebi.ac.uk/chembl/g/#search_results/all/query=selumetinib%3APLX-4032%20%288%3A1%20mol/mol%29,https://www.google.com/search?q=selumetinib%3APLX-4032%20%288%3A1%20mol/mol%29%20mechanism%20of%20action,high,combo: both MEK inhibitor + BRAF inhibitor (same class)
ISOX,487,0.08531127,Epigenetic,https://pubchem.ncbi.nlm.nih.gov/#query=ISOX,https://www.ebi.ac.uk/chembl/g/#search_results/all/query=ISOX,https://www.google.com/search?q=ISOX%20mechanism%20of%20action,high,HDAC inhibitor
Clofarabine,487,0.20624968,Metabolic,https://pubchem.ncbi.nlm.nih.gov/#query=Clofarabine,https://www.ebi.ac.uk/chembl/g/#search_results/all/query=Clofarabine,https://www.google.com/search?q=Clofarabine%20mechanism%20of%20action,high,"purine nucleoside analog, antimetabolite"
N-Phthalyl-L-tryptophan,487,0.07222393,Other/Unknown,https://pubchem.ncbi.nlm.nih.gov/#query=N-Phthalyl-L-tryptophan,https://www.ebi.ac.uk/chembl/g/#search_results/all/query=N-Phthalyl-L-tryptophan,https://www.google.com/search?q=N-Phthalyl-L-tryptophan%20mechanism%20of%20action,low,identity/target not confidently known
Silmitasertib,487,0.09168042,Kinase inhibitor,https://pubchem.ncbi.nlm.nih.gov/#query=Silmitasertib,https://www.ebi.ac.uk/chembl/g/#search_results/all/query=Silmitasertib,https://www.google.com/search?q=Silmitasertib%20mechanism%20of%20action,high,CK2 (casein kinase 2) inhibitor
Prima-1,487,0.10050206,Other/Unknown,https://pubchem.ncbi.nlm.nih.gov/#query=Prima-1,https://www.ebi.ac.uk/chembl/g/#search_results/all/query=Prima-1,https://www.google.com/search?q=Prima-1%20mechanism%20of%20action,medium,mutant p53 reactivator -- no matching bucket
BRD-A02303741,485,0.043093633,Other/Unknown,https://pubchem.ncbi.nlm.nih.gov/#query=BRD-A02303741,https://www.ebi.ac.uk/chembl/g/#search_results/all/query=BRD-A02303741,https://www.google.com/search?q=BRD-A02303741%20mechanism%20of%20action,high,Broad internal ID
NSC23766,485,0.08216159,Cytoskeleton/cell cycle,https://pubchem.ncbi.nlm.nih.gov/#query=NSC23766,https://www.ebi.ac.uk/chembl/g/#search_results/all/query=NSC23766,https://www.google.com/search?q=NSC23766%20mechanism%20of%20action,high,"Rac1 GTPase inhibitor, cytoskeletal regulator"
compound 1B,484,0.108556055,Other/Unknown,https://pubchem.ncbi.nlm.nih.gov/#query=compound%201B,https://www.ebi.ac.uk/chembl/g/#search_results/all/query=compound%201B,https://www.google.com/search?q=compound%201B%20mechanism%20of%20action,low,identity/target not confidently known
Met Kinase Inhibitor,484,0.085973956,Kinase inhibitor,https://pubchem.ncbi.nlm.nih.gov/#query=Met%20Kinase%20Inhibitor,https://www.ebi.ac.uk/chembl/g/#search_results/all/query=Met%20Kinase%20Inhibitor,https://www.google.com/search?q=Met%20Kinase%20Inhibitor%20mechanism%20of%20action,high,MET kinase inhibitor (explicit name)
L-685458,484,0.045582194,Receptor,https://pubchem.ncbi.nlm.nih.gov/#query=L-685458,https://www.ebi.ac.uk/chembl/g/#search_results/all/query=L-685458,https://www.google.com/search?q=L-685458%20mechanism%20of%20action,high,"gamma-secretase inhibitor, Notch pathway"
selumetinib:piperlongumine (8:1 mol/mol),483,0.15121521,Other/Unknown,https://pubchem.ncbi.nlm.nih.gov/#query=selumetinib%3Apiperlongumine%20%288%3A1%20mol/mol%29,https://www.ebi.ac.uk/chembl/g/#search_results/all/query=selumetinib%3Apiperlongumine%20%288%3A1%20mol/mol%29,https://www.google.com/search?q=selumetinib%3Apiperlongumine%20%288%3A1%20mol/mol%29%20mechanism%20of%20action,high,combo: MEK inhibitor + redox/metabolic agent (differing classes)
Manumycin,482,0.08225332,Other/Unknown,https://pubchem.ncbi.nlm.nih.gov/#query=Manumycin,https://www.ebi.ac.uk/chembl/g/#search_results/all/query=Manumycin,https://www.google.com/search?q=Manumycin%20mechanism%20of%20action,medium,"farnesyltransferase inhibitor -- prenyltransferase, not a kinase itself"
BRD-K61166597,482,0.12701425,Other/Unknown,https://pubchem.ncbi.nlm.nih.gov/#query=BRD-K61166597,https://www.ebi.ac.uk/chembl/g/#search_results/all/query=BRD-K61166597,https://www.google.com/search?q=BRD-K61166597%20mechanism%20of%20action,high,Broad internal ID
SNS-032,481,0.14563742,Kinase inhibitor,https://pubchem.ncbi.nlm.nih.gov/#query=SNS-032,https://www.ebi.ac.uk/chembl/g/#search_results/all/query=SNS-032,https://www.google.com/search?q=SNS-032%20mechanism%20of%20action,high,CDK2/7/9 inhibitor
(-)-Parthenolide,481,0.09863236,Other/Unknown,https://pubchem.ncbi.nlm.nih.gov/#query=%28-%29-Parthenolide,https://www.ebi.ac.uk/chembl/g/#search_results/all/query=%28-%29-Parthenolide,https://www.google.com/search?q=%28-%29-Parthenolide%20mechanism%20of%20action,medium,"NF-kB inhibitor -- transcription factor, not enzyme"
Hyperforin,481,0.07601759,Other/Unknown,https://pubchem.ncbi.nlm.nih.gov/#query=Hyperforin,https://www.ebi.ac.uk/chembl/g/#search_results/all/query=Hyperforin,https://www.google.com/search?q=Hyperforin%20mechanism%20of%20action,low,"TRPC6 channel activator -- ion channel, no matching bucket"
BRD8958,481,0.042479854,Other/Unknown,https://pubchem.ncbi.nlm.nih.gov/#query=BRD8958,https://www.ebi.ac.uk/chembl/g/#search_results/all/query=BRD8958,https://www.google.com/search?q=BRD8958%20mechanism%20of%20action,high,Broad internal ID
JQ-1:vorinostat (2:1 mol/mol),480,0.105086565,Epigenetic,https://pubchem.ncbi.nlm.nih.gov/#query=JQ-1%3Avorinostat%20%282%3A1%20mol/mol%29,https://www.ebi.ac.uk/chembl/g/#search_results/all/query=JQ-1%3Avorinostat%20%282%3A1%20mol/mol%29,https://www.google.com/search?q=JQ-1%3Avorinostat%20%282%3A1%20mol/mol%29%20mechanism%20of%20action,high,combo: both BET inhibitor + HDAC inhibitor (same class)
PF-184,480,0.07446502,Other/Unknown,https://pubchem.ncbi.nlm.nih.gov/#query=PF-184,https://www.ebi.ac.uk/chembl/g/#search_results/all/query=PF-184,https://www.google.com/search?q=PF-184%20mechanism%20of%20action,low,identity/target not confidently known
BRD-K55116708,480,0.107494555,Other/Unknown,https://pubchem.ncbi.nlm.nih.gov/#query=BRD-K55116708,https://www.ebi.ac.uk/chembl/g/#search_results/all/query=BRD-K55116708,https://www.google.com/search?q=BRD-K55116708%20mechanism%20of%20action,high,Broad internal ID
BRD-A02303741:carboplatin (1:1 mol/mol),479,0.044742294,Other/Unknown,https://pubchem.ncbi.nlm.nih.gov/#query=BRD-A02303741%3Acarboplatin%20%281%3A1%20mol/mol%29,https://www.ebi.ac.uk/chembl/g/#search_results/all/query=BRD-A02303741%3Acarboplatin%20%281%3A1%20mol/mol%29,https://www.google.com/search?q=BRD-A02303741%3Acarboplatin%20%281%3A1%20mol/mol%29%20mechanism%20of%20action,high,"combo, first component unidentified"
tanespimycin:bortezomib (250:1 mol/mol),479,0.118929654,Proteasome/protein,https://pubchem.ncbi.nlm.nih.gov/#query=tanespimycin%3Abortezomib%20%28250%3A1%20mol/mol%29,https://www.ebi.ac.uk/chembl/g/#search_results/all/query=tanespimycin%3Abortezomib%20%28250%3A1%20mol/mol%29,https://www.google.com/search?q=tanespimycin%3Abortezomib%20%28250%3A1%20mol/mol%29%20mechanism%20of%20action,high,combo: both HSP90 inhibitor + proteasome inhibitor (same class)
Tacrolimus,479,0.05796955,Other/Unknown,https://pubchem.ncbi.nlm.nih.gov/#query=Tacrolimus,https://www.ebi.ac.uk/chembl/g/#search_results/all/query=Tacrolimus,https://www.google.com/search?q=Tacrolimus%20mechanism%20of%20action,medium,"calcineurin inhibitor -- phosphatase/immunophilin, no matching bucket"
Abt-737,478,0.14147247,Other/Unknown,https://pubchem.ncbi.nlm.nih.gov/#query=Abt-737,https://www.ebi.ac.uk/chembl/g/#search_results/all/query=Abt-737,https://www.google.com/search?q=Abt-737%20mechanism%20of%20action,high,BCL-2/BCL-XL inhibitor -- no matching bucket
ML210,477,0.21050331,Metabolic,https://pubchem.ncbi.nlm.nih.gov/#query=ML210,https://www.ebi.ac.uk/chembl/g/#search_results/all/query=ML210,https://www.google.com/search?q=ML210%20mechanism%20of%20action,high,"GPX4 inhibitor, ferroptosis/lipid peroxidation"
BRD-K26531177,476,0.0629418,Other/Unknown,https://pubchem.ncbi.nlm.nih.gov/#query=BRD-K26531177,https://www.ebi.ac.uk/chembl/g/#search_results/all/query=BRD-K26531177,https://www.google.com/search?q=BRD-K26531177%20mechanism%20of%20action,high,Broad internal ID
selumetinib:tretinoin (2:1 mol/mol),476,0.17865866,Other/Unknown,https://pubchem.ncbi.nlm.nih.gov/#query=selumetinib%3Atretinoin%20%282%3A1%20mol/mol%29,https://www.ebi.ac.uk/chembl/g/#search_results/all/query=selumetinib%3Atretinoin%20%282%3A1%20mol/mol%29,https://www.google.com/search?q=selumetinib%3Atretinoin%20%282%3A1%20mol/mol%29%20mechanism%20of%20action,high,combo: MEK inhibitor + retinoic acid receptor agonist (differing classes)
Pevonedistat,475,0.1366299,Proteasome/protein,https://pubchem.ncbi.nlm.nih.gov/#query=Pevonedistat,https://www.ebi.ac.uk/chembl/g/#search_results/all/query=Pevonedistat,https://www.google.com/search?q=Pevonedistat%20mechanism%20of%20action,high,"NEDD8-activating enzyme inhibitor, upstream of ubiquitin pathway"
NSC95397,474,0.06411499,Cytoskeleton/cell cycle,https://pubchem.ncbi.nlm.nih.gov/#query=NSC95397,https://www.ebi.ac.uk/chembl/g/#search_results/all/query=NSC95397,https://www.google.com/search?q=NSC95397%20mechanism%20of%20action,medium,"CDC25 phosphatase inhibitor, cell cycle regulator"
selumetinib:MK-2206 (8:1 mol/mol),474,0.14163281,Kinase inhibitor,https://pubchem.ncbi.nlm.nih.gov/#query=selumetinib%3AMK-2206%20%288%3A1%20mol/mol%29,https://www.ebi.ac.uk/chembl/g/#search_results/all/query=selumetinib%3AMK-2206%20%288%3A1%20mol/mol%29,https://www.google.com/search?q=selumetinib%3AMK-2206%20%288%3A1%20mol/mol%29%20mechanism%20of%20action,high,combo: both MEK inhibitor + AKT inhibitor (same class)
Doramapimod,474,0.06314961,Kinase inhibitor,https://pubchem.ncbi.nlm.nih.gov/#query=Doramapimod,https://www.ebi.ac.uk/chembl/g/#search_results/all/query=Doramapimod,https://www.google.com/search?q=Doramapimod%20mechanism%20of%20action,high,p38 MAPK inhibitor (BIRB-796)
Elocalcitol,474,0.09152381,Receptor,https://pubchem.ncbi.nlm.nih.gov/#query=Elocalcitol,https://www.ebi.ac.uk/chembl/g/#search_results/all/query=Elocalcitol,https://www.google.com/search?q=Elocalcitol%20mechanism%20of%20action,high,vitamin D receptor agonist
ML031,472,0.06833859,Other/Unknown,https://pubchem.ncbi.nlm.nih.gov/#query=ML031,https://www.ebi.ac.uk/chembl/g/#search_results/all/query=ML031,https://www.google.com/search?q=ML031%20mechanism%20of%20action,low,identity/target not confidently known
Itraconazole,472,0.051524702,Receptor,https://pubchem.ncbi.nlm.nih.gov/#query=Itraconazole,https://www.ebi.ac.uk/chembl/g/#search_results/all/query=Itraconazole,https://www.google.com/search?q=Itraconazole%20mechanism%20of%20action,low,antifungal; reported Hedgehog/Smoothened inhibition in oncology repurposing
SCH-529074,468,0.047122832,Proteasome/protein,https://pubchem.ncbi.nlm.nih.gov/#query=SCH-529074,https://www.ebi.ac.uk/chembl/g/#search_results/all/query=SCH-529074,https://www.google.com/search?q=SCH-529074%20mechanism%20of%20action,medium,MDM2/p53 pathway modulator
YL54,467,0.040278606,Other/Unknown,https://pubchem.ncbi.nlm.nih.gov/#query=YL54,https://www.ebi.ac.uk/chembl/g/#search_results/all/query=YL54,https://www.google.com/search?q=YL54%20mechanism%20of%20action,low,identity/target not confidently known
selumetinib:vorinostat (8:1 mol/mol),466,0.14027256,Other/Unknown,https://pubchem.ncbi.nlm.nih.gov/#query=selumetinib%3Avorinostat%20%288%3A1%20mol/mol%29,https://www.ebi.ac.uk/chembl/g/#search_results/all/query=selumetinib%3Avorinostat%20%288%3A1%20mol/mol%29,https://www.google.com/search?q=selumetinib%3Avorinostat%20%288%3A1%20mol/mol%29%20mechanism%20of%20action,high,combo: MEK inhibitor + HDAC inhibitor (differing classes)
Azd4547,461,0.105977654,Kinase inhibitor,https://pubchem.ncbi.nlm.nih.gov/#query=Azd4547,https://www.ebi.ac.uk/chembl/g/#search_results/all/query=Azd4547,https://www.google.com/search?q=Azd4547%20mechanism%20of%20action,high,FGFR kinase inhibitor
BRD-K11533227,461,0.07407992,Other/Unknown,https://pubchem.ncbi.nlm.nih.gov/#query=BRD-K11533227,https://www.ebi.ac.uk/chembl/g/#search_results/all/query=BRD-K11533227,https://www.google.com/search?q=BRD-K11533227%20mechanism%20of%20action,high,Broad internal ID
STF-31,460,0.1655099,Metabolic,https://pubchem.ncbi.nlm.nih.gov/#query=STF-31,https://www.ebi.ac.uk/chembl/g/#search_results/all/query=STF-31,https://www.google.com/search?q=STF-31%20mechanism%20of%20action,medium,NAMPT / GLUT1 inhibitor
JQ-1:MK-0752 (1:1 mol/mol),460,0.12556146,Other/Unknown,https://pubchem.ncbi.nlm.nih.gov/#query=JQ-1%3AMK-0752%20%281%3A1%20mol/mol%29,https://www.ebi.ac.uk/chembl/g/#search_results/all/query=JQ-1%3AMK-0752%20%281%3A1%20mol/mol%29,https://www.google.com/search?q=JQ-1%3AMK-0752%20%281%3A1%20mol/mol%29%20mechanism%20of%20action,high,combo: BET inhibitor + gamma-secretase inhibitor (differing classes)
Compound 7d-cis,460,0.070351526,Other/Unknown,https://pubchem.ncbi.nlm.nih.gov/#query=Compound%207d-cis,https://www.ebi.ac.uk/chembl/g/#search_results/all/query=Compound%207d-cis,https://www.google.com/search?q=Compound%207d-cis%20mechanism%20of%20action,low,identity/target not confidently known
salermide:PLX-4032 (12:1 mol/mol),459,0.06988367,Other/Unknown,https://pubchem.ncbi.nlm.nih.gov/#query=salermide%3APLX-4032%20%2812%3A1%20mol/mol%29,https://www.ebi.ac.uk/chembl/g/#search_results/all/query=salermide%3APLX-4032%20%2812%3A1%20mol/mol%29,https://www.google.com/search?q=salermide%3APLX-4032%20%2812%3A1%20mol/mol%29%20mechanism%20of%20action,high,combo: sirtuin inhibitor + BRAF inhibitor (differing classes)
JQ-1:UNC0638 (2:1 mol/mol),458,0.13029617,Epigenetic,https://pubchem.ncbi.nlm.nih.gov/#query=JQ-1%3AUNC0638%20%282%3A1%20mol/mol%29,https://www.ebi.ac.uk/chembl/g/#search_results/all/query=JQ-1%3AUNC0638%20%282%3A1%20mol/mol%29,https://www.google.com/search?q=JQ-1%3AUNC0638%20%282%3A1%20mol/mol%29%20mechanism%20of%20action,high,combo: both BET inhibitor + G9a methyltransferase inhibitor (same class)
Degrasyn,457,0.061944984,Proteasome/protein,https://pubchem.ncbi.nlm.nih.gov/#query=Degrasyn,https://www.ebi.ac.uk/chembl/g/#search_results/all/query=Degrasyn,https://www.google.com/search?q=Degrasyn%20mechanism%20of%20action,high,deubiquitinase inhibitor (WP1130)
NPC-26,456,0.060988124,Proteasome/protein,https://pubchem.ncbi.nlm.nih.gov/#query=NPC-26,https://www.ebi.ac.uk/chembl/g/#search_results/all/query=NPC-26,https://www.google.com/search?q=NPC-26%20mechanism%20of%20action,medium,MDM2 inhibitor
PF-750,456,0.07056125,Other/Unknown,https://pubchem.ncbi.nlm.nih.gov/#query=PF-750,https://www.ebi.ac.uk/chembl/g/#search_results/all/query=PF-750,https://www.google.com/search?q=PF-750%20mechanism%20of%20action,low,identity/target not confidently known
erlotinib:PLX-4032 (2:1 mol/mol),455,0.09919581,Kinase inhibitor,https://pubchem.ncbi.nlm.nih.gov/#query=erlotinib%3APLX-4032%20%282%3A1%20mol/mol%29,https://www.ebi.ac.uk/chembl/g/#search_results/all/query=erlotinib%3APLX-4032%20%282%3A1%20mol/mol%29,https://www.google.com/search?q=erlotinib%3APLX-4032%20%282%3A1%20mol/mol%29%20mechanism%20of%20action,high,combo: both EGFR inhibitor + BRAF inhibitor (same class)
AGK-2,454,0.040372126,Epigenetic,https://pubchem.ncbi.nlm.nih.gov/#query=AGK-2,https://www.ebi.ac.uk/chembl/g/#search_results/all/query=AGK-2,https://www.google.com/search?q=AGK-2%20mechanism%20of%20action,high,SIRT2 inhibitor
3-Cl-AHPC,453,0.12142618,Other/Unknown,https://pubchem.ncbi.nlm.nih.gov/#query=3-Cl-AHPC,https://www.ebi.ac.uk/chembl/g/#search_results/all/query=3-Cl-AHPC,https://www.google.com/search?q=3-Cl-AHPC%20mechanism%20of%20action,low,"retinoid-related apoptosis inducer, mechanism debated"
BRD-K71781559,453,0.045305848,Other/Unknown,https://pubchem.ncbi.nlm.nih.gov/#query=BRD-K71781559,https://www.ebi.ac.uk/chembl/g/#search_results/all/query=BRD-K71781559,https://www.google.com/search?q=BRD-K71781559%20mechanism%20of%20action,high,Broad internal ID
Daporinad,452,0.20785342,Metabolic,https://pubchem.ncbi.nlm.nih.gov/#query=Daporinad,https://www.ebi.ac.uk/chembl/g/#search_results/all/query=Daporinad,https://www.google.com/search?q=Daporinad%20mechanism%20of%20action,high,NAMPT inhibitor (FK866)
vorinostat:carboplatin (1:1 mol/mol),451,0.07653062,Other/Unknown,https://pubchem.ncbi.nlm.nih.gov/#query=vorinostat%3Acarboplatin%20%281%3A1%20mol/mol%29,https://www.ebi.ac.uk/chembl/g/#search_results/all/query=vorinostat%3Acarboplatin%20%281%3A1%20mol/mol%29,https://www.google.com/search?q=vorinostat%3Acarboplatin%20%281%3A1%20mol/mol%29%20mechanism%20of%20action,high,combo: HDAC inhibitor + DNA-damaging agent (differing classes)
CI-976,446,0.055627342,Metabolic,https://pubchem.ncbi.nlm.nih.gov/#query=CI-976,https://www.ebi.ac.uk/chembl/g/#search_results/all/query=CI-976,https://www.google.com/search?q=CI-976%20mechanism%20of%20action,medium,"ACAT inhibitor, cholesterol metabolism"
AA-COCF3,445,0.07527676,Metabolic,https://pubchem.ncbi.nlm.nih.gov/#query=AA-COCF3,https://www.ebi.ac.uk/chembl/g/#search_results/all/query=AA-COCF3,https://www.google.com/search?q=AA-COCF3%20mechanism%20of%20action,medium,"phospholipase A2 inhibitor, lipid/eicosanoid metabolism"
SID 26681509,440,0.06514005,DNA damage/repair,https://pubchem.ncbi.nlm.nih.gov/#query=SID%2026681509,https://www.ebi.ac.uk/chembl/g/#search_results/all/query=SID%2026681509,https://www.google.com/search?q=SID%2026681509%20mechanism%20of%20action,medium,"RAD51 inhibitor, homologous recombination repair"
BRD-K02251932,435,0.057053242,Other/Unknown,https://pubchem.ncbi.nlm.nih.gov/#query=BRD-K02251932,https://www.ebi.ac.uk/chembl/g/#search_results/all/query=BRD-K02251932,https://www.google.com/search?q=BRD-K02251932%20mechanism%20of%20action,high,Broad internal ID
Austocystin D,435,0.19949134,DNA damage/repair,https://pubchem.ncbi.nlm.nih.gov/#query=Austocystin%20D,https://www.ebi.ac.uk/chembl/g/#search_results/all/query=Austocystin%20D,https://www.google.com/search?q=Austocystin%20D%20mechanism%20of%20action,medium,CYP450-activated DNA-damaging agent
Repligen 136,432,0.05765396,Other/Unknown,https://pubchem.ncbi.nlm.nih.gov/#query=Repligen%20136,https://www.ebi.ac.uk/chembl/g/#search_results/all/query=Repligen%20136,https://www.google.com/search?q=Repligen%20136%20mechanism%20of%20action,low,identity/target not confidently known
piperlongumine:MST-312 (1:1 mol/mol),428,0.06260761,Other/Unknown,https://pubchem.ncbi.nlm.nih.gov/#query=piperlongumine%3AMST-312%20%281%3A1%20mol/mol%29,https://www.ebi.ac.uk/chembl/g/#search_results/all/query=piperlongumine%3AMST-312%20%281%3A1%20mol/mol%29,https://www.google.com/search?q=piperlongumine%3AMST-312%20%281%3A1%20mol/mol%29%20mechanism%20of%20action,high,combo: redox/metabolic agent + telomerase inhibitor (differing classes)
Methotrexate,427,0.22099434,Metabolic,https://pubchem.ncbi.nlm.nih.gov/#query=Methotrexate,https://www.ebi.ac.uk/chembl/g/#search_results/all/query=Methotrexate,https://www.google.com/search?q=Methotrexate%20mechanism%20of%20action,high,"dihydrofolate reductase (DHFR) inhibitor, classic antimetabolite"
KIN001-135,422,0.053939242,Kinase inhibitor,https://pubchem.ncbi.nlm.nih.gov/#query=KIN001-135,https://www.ebi.ac.uk/chembl/g/#search_results/all/query=KIN001-135,https://www.google.com/search?q=KIN001-135%20mechanism%20of%20action,medium,PIM kinase inhibitor (SGC probe series)
Bax Channel Blocker,414,0.051321868,Other/Unknown,https://pubchem.ncbi.nlm.nih.gov/#query=Bax%20Channel%20Blocker,https://www.ebi.ac.uk/chembl/g/#search_results/all/query=Bax%20Channel%20Blocker,https://www.google.com/search?q=Bax%20Channel%20Blocker%20mechanism%20of%20action,medium,inhibits BAX mitochondrial pore -- no matching bucket
SMER-3,406,0.14381352,Proteasome/protein,https://pubchem.ncbi.nlm.nih.gov/#query=SMER-3,https://www.ebi.ac.uk/chembl/g/#search_results/all/query=SMER-3,https://www.google.com/search?q=SMER-3%20mechanism%20of%20action,high,E2 ubiquitin-conjugating enzyme (Cdc34) inhibitor
WZ8040,399,0.08057788,Kinase inhibitor,https://pubchem.ncbi.nlm.nih.gov/#query=WZ8040,https://www.ebi.ac.uk/chembl/g/#search_results/all/query=WZ8040,https://www.google.com/search?q=WZ8040%20mechanism%20of%20action,high,EGFR T790M covalent inhibitor
Incyclinide,389,0.08262577,Other/Unknown,https://pubchem.ncbi.nlm.nih.gov/#query=Incyclinide,https://www.ebi.ac.uk/chembl/g/#search_results/all/query=Incyclinide,https://www.google.com/search?q=Incyclinide%20mechanism%20of%20action,medium,matrix metalloproteinase inhibitor -- no matching bucket
Omacetaxine mepesuccinate,384,0.15424274,Other/Unknown,https://pubchem.ncbi.nlm.nih.gov/#query=Omacetaxine%20mepesuccinate,https://www.ebi.ac.uk/chembl/g/#search_results/all/query=Omacetaxine%20mepesuccinate,https://www.google.com/search?q=Omacetaxine%20mepesuccinate%20mechanism%20of%20action,medium,ribosomal translation inhibitor -- no matching bucket
WZ4002,384,0.07532748,Kinase inhibitor,https://pubchem.ncbi.nlm.nih.gov/#query=WZ4002,https://www.ebi.ac.uk/chembl/g/#search_results/all/query=WZ4002,https://www.google.com/search?q=WZ4002%20mechanism%20of%20action,high,EGFR T790M covalent inhibitor
PD 153035,380,0.0826031,Kinase inhibitor,https://pubchem.ncbi.nlm.nih.gov/#query=PD%20153035,https://www.ebi.ac.uk/chembl/g/#search_results/all/query=PD%20153035,https://www.google.com/search?q=PD%20153035%20mechanism%20of%20action,high,EGFR kinase inhibitor
Osi-930,379,0.07266752,Kinase inhibitor,https://pubchem.ncbi.nlm.nih.gov/#query=Osi-930,https://www.ebi.ac.uk/chembl/g/#search_results/all/query=Osi-930,https://www.google.com/search?q=Osi-930%20mechanism%20of%20action,high,KIT/VEGFR/CSF1R kinase inhibitor
Methylstat,376,0.071149364,Epigenetic,https://pubchem.ncbi.nlm.nih.gov/#query=Methylstat,https://www.ebi.ac.uk/chembl/g/#search_results/all/query=Methylstat,https://www.google.com/search?q=Methylstat%20mechanism%20of%20action,high,histone demethylase (JmjC/KDM family) inhibitor
pitstop2,359,0.046643972,Other/Unknown,https://pubchem.ncbi.nlm.nih.gov/#query=pitstop2,https://www.ebi.ac.uk/chembl/g/#search_results/all/query=pitstop2,https://www.google.com/search?q=pitstop2%20mechanism%20of%20action,medium,clathrin-mediated endocytosis inhibitor -- no matching bucket
Avrainvillamide,357,0.061208155,Other/Unknown,https://pubchem.ncbi.nlm.nih.gov/#query=Avrainvillamide,https://www.ebi.ac.uk/chembl/g/#search_results/all/query=Avrainvillamide,https://www.google.com/search?q=Avrainvillamide%20mechanism%20of%20action,low,"binds nucleophosmin, mechanism not cleanly categorized"
Palmostatin B,353,0.04518665,Metabolic,https://pubchem.ncbi.nlm.nih.gov/#query=Palmostatin%20B,https://www.ebi.ac.uk/chembl/g/#search_results/all/query=Palmostatin%20B,https://www.google.com/search?q=Palmostatin%20B%20mechanism%20of%20action,medium,"depalmitoylation (APT1/LYPLA1) inhibitor, lipid modification enzyme"
JW-74,353,0.055106264,DNA damage/repair,https://pubchem.ncbi.nlm.nih.gov/#query=JW-74,https://www.ebi.ac.uk/chembl/g/#search_results/all/query=JW-74,https://www.google.com/search?q=JW-74%20mechanism%20of%20action,medium,tankyrase inhibitor -- PARP-family ADP-ribosyltransferase
salermide,352,0.093838006,Epigenetic,https://pubchem.ncbi.nlm.nih.gov/#query=salermide,https://www.ebi.ac.uk/chembl/g/#search_results/all/query=salermide,https://www.google.com/search?q=salermide%20mechanism%20of%20action,high,sirtuin (SIRT1/2) inhibitor
Marinopyrrole A,349,0.06919595,Other/Unknown,https://pubchem.ncbi.nlm.nih.gov/#query=Marinopyrrole%20A,https://www.ebi.ac.uk/chembl/g/#search_results/all/query=Marinopyrrole%20A,https://www.google.com/search?q=Marinopyrrole%20A%20mechanism%20of%20action,medium,"MCL-1 degrader -- BCL-2 family, no matching bucket"
NSC19630,349,0.06758964,Other/Unknown,https://pubchem.ncbi.nlm.nih.gov/#query=NSC19630,https://www.ebi.ac.uk/chembl/g/#search_results/all/query=NSC19630,https://www.google.com/search?q=NSC19630%20mechanism%20of%20action,medium,reported SHP-1 phosphatase inhibitor -- not a kinase
HBX-41108,348,0.08362098,Proteasome/protein,https://pubchem.ncbi.nlm.nih.gov/#query=HBX-41108,https://www.ebi.ac.uk/chembl/g/#search_results/all/query=HBX-41108,https://www.google.com/search?q=HBX-41108%20mechanism%20of%20action,medium,USP7 deubiquitinase inhibitor
Sotrastaurin,347,0.0639489,Kinase inhibitor,https://pubchem.ncbi.nlm.nih.gov/#query=Sotrastaurin,https://www.ebi.ac.uk/chembl/g/#search_results/all/query=Sotrastaurin,https://www.google.com/search?q=Sotrastaurin%20mechanism%20of%20action,high,PKC (protein kinase C) inhibitor
BRD-K55473186,341,0.05043942,Other/Unknown,https://pubchem.ncbi.nlm.nih.gov/#query=BRD-K55473186,https://www.ebi.ac.uk/chembl/g/#search_results/all/query=BRD-K55473186,https://www.google.com/search?q=BRD-K55473186%20mechanism%20of%20action,high,Broad internal ID
Necrosulfonamide,326,0.08835469,Other/Unknown,https://pubchem.ncbi.nlm.nih.gov/#query=Necrosulfonamide,https://www.ebi.ac.uk/chembl/g/#search_results/all/query=Necrosulfonamide,https://www.google.com/search?q=Necrosulfonamide%20mechanism%20of%20action,medium,"MLKL inhibitor -- pseudokinase pore protein, necroptosis"
Bardoxolone methyl,320,0.07625806,Metabolic,https://pubchem.ncbi.nlm.nih.gov/#query=Bardoxolone%20methyl,https://www.ebi.ac.uk/chembl/g/#search_results/all/query=Bardoxolone%20methyl,https://www.google.com/search?q=Bardoxolone%20methyl%20mechanism%20of%20action,medium,"Nrf2 activator, antioxidant-response/redox metabolism"
BRD-M00053801,318,0.08181834,Other/Unknown,https://pubchem.ncbi.nlm.nih.gov/#query=BRD-M00053801,https://www.ebi.ac.uk/chembl/g/#search_results/all/query=BRD-M00053801,https://www.google.com/search?q=BRD-M00053801%20mechanism%20of%20action,high,Broad internal ID
Venetoclax,286,0.17911306,Other/Unknown,https://pubchem.ncbi.nlm.nih.gov/#query=Venetoclax,https://www.ebi.ac.uk/chembl/g/#search_results/all/query=Venetoclax,https://www.google.com/search?q=Venetoclax%20mechanism%20of%20action,high,BCL-2 selective inhibitor -- no matching bucket
BRD-A94377914,279,0.077361904,Other/Unknown,https://pubchem.ncbi.nlm.nih.gov/#query=BRD-A94377914,https://www.ebi.ac.uk/chembl/g/#search_results/all/query=BRD-A94377914,https://www.google.com/search?q=BRD-A94377914%20mechanism%20of%20action,high,Broad internal ID
CIL41,278,0.054546915,Other/Unknown,https://pubchem.ncbi.nlm.nih.gov/#query=CIL41,https://www.ebi.ac.uk/chembl/g/#search_results/all/query=CIL41,https://www.google.com/search?q=CIL41%20mechanism%20of%20action,high,"Broad internal compound-library code, target unclear"
FQI-1,278,0.08730508,Other/Unknown,https://pubchem.ncbi.nlm.nih.gov/#query=FQI-1,https://www.ebi.ac.uk/chembl/g/#search_results/all/query=FQI-1,https://www.google.com/search?q=FQI-1%20mechanism%20of%20action,medium,LSF/TFCP2 transcription factor inhibitor -- no matching bucket
CIL70,278,0.06890147,Other/Unknown,https://pubchem.ncbi.nlm.nih.gov/#query=CIL70,https://www.ebi.ac.uk/chembl/g/#search_results/all/query=CIL70,https://www.google.com/search?q=CIL70%20mechanism%20of%20action,high,"Broad internal compound-library code, target unclear"
cyanoquinoline 11,277,0.056152232,Other/Unknown,https://pubchem.ncbi.nlm.nih.gov/#query=cyanoquinoline%2011,https://www.ebi.ac.uk/chembl/g/#search_results/all/query=cyanoquinoline%2011,https://www.google.com/search?q=cyanoquinoline%2011%20mechanism%20of%20action,low,identity/target not confidently known
CIL55A,276,0.06680515,Other/Unknown,https://pubchem.ncbi.nlm.nih.gov/#query=CIL55A,https://www.ebi.ac.uk/chembl/g/#search_results/all/query=CIL55A,https://www.google.com/search?q=CIL55A%20mechanism%20of%20action,high,"Broad internal compound-library code, target unclear"
Skepinone-L,268,0.0723676,Kinase inhibitor,https://pubchem.ncbi.nlm.nih.gov/#query=Skepinone-L,https://www.ebi.ac.uk/chembl/g/#search_results/all/query=Skepinone-L,https://www.google.com/search?q=Skepinone-L%20mechanism%20of%20action,high,selective p38 MAPK inhibitor
BRD-K99006945,268,0.12166944,Other/Unknown,https://pubchem.ncbi.nlm.nih.gov/#query=BRD-K99006945,https://www.ebi.ac.uk/chembl/g/#search_results/all/query=BRD-K99006945,https://www.google.com/search?q=BRD-K99006945%20mechanism%20of%20action,high,Broad internal ID
BRD-K27188169,266,0.0416422,Other/Unknown,https://pubchem.ncbi.nlm.nih.gov/#query=BRD-K27188169,https://www.ebi.ac.uk/chembl/g/#search_results/all/query=BRD-K27188169,https://www.google.com/search?q=BRD-K27188169%20mechanism%20of%20action,high,Broad internal ID
AT-406,265,0.08329518,Proteasome/protein,https://pubchem.ncbi.nlm.nih.gov/#query=AT-406,https://www.ebi.ac.uk/chembl/g/#search_results/all/query=AT-406,https://www.google.com/search?q=AT-406%20mechanism%20of%20action,medium,"SMAC mimetic, promotes ubiquitin-mediated IAP degradation"
Alvocidib,263,0.13232125,Kinase inhibitor,https://pubchem.ncbi.nlm.nih.gov/#query=Alvocidib,https://www.ebi.ac.uk/chembl/g/#search_results/all/query=Alvocidib,https://www.google.com/search?q=Alvocidib%20mechanism%20of%20action,high,pan-CDK inhibitor (flavopiridol)
BRD-K79669418,261,0.048736524,Other/Unknown,https://pubchem.ncbi.nlm.nih.gov/#query=BRD-K79669418,https://www.ebi.ac.uk/chembl/g/#search_results/all/query=BRD-K79669418,https://www.google.com/search?q=BRD-K79669418%20mechanism%20of%20action,high,Broad internal ID
Avicin D,260,0.09523481,Other/Unknown,https://pubchem.ncbi.nlm.nih.gov/#query=Avicin%20D,https://www.ebi.ac.uk/chembl/g/#search_results/all/query=Avicin%20D,https://www.google.com/search?q=Avicin%20D%20mechanism%20of%20action,low,"natural saponin, broad/non-specific apoptosis induction"
BRD-K42260513,260,0.05524736,Other/Unknown,https://pubchem.ncbi.nlm.nih.gov/#query=BRD-K42260513,https://www.ebi.ac.uk/chembl/g/#search_results/all/query=BRD-K42260513,https://www.google.com/search?q=BRD-K42260513%20mechanism%20of%20action,high,Broad internal ID
ELCPK,260,0.07519806,Other/Unknown,https://pubchem.ncbi.nlm.nih.gov/#query=ELCPK,https://www.ebi.ac.uk/chembl/g/#search_results/all/query=ELCPK,https://www.google.com/search?q=ELCPK%20mechanism%20of%20action,low,identity/target not confidently known
BRD-A86708339,259,0.12592418,Other/Unknown,https://pubchem.ncbi.nlm.nih.gov/#query=BRD-A86708339,https://www.ebi.ac.uk/chembl/g/#search_results/all/query=BRD-A86708339,https://www.google.com/search?q=BRD-A86708339%20mechanism%20of%20action,high,Broad internal ID
RO4929097,258,0.049390364,Receptor,https://pubchem.ncbi.nlm.nih.gov/#query=RO4929097,https://www.ebi.ac.uk/chembl/g/#search_results/all/query=RO4929097,https://www.google.com/search?q=RO4929097%20mechanism%20of%20action,high,"gamma-secretase inhibitor, Notch pathway"
Onalespib,257,0.15820828,Proteasome/protein,https://pubchem.ncbi.nlm.nih.gov/#query=Onalespib,https://www.ebi.ac.uk/chembl/g/#search_results/all/query=Onalespib,https://www.google.com/search?q=Onalespib%20mechanism%20of%20action,high,HSP90 inhibitor (AT13387)
CIL56,255,0.09569603,Other/Unknown,https://pubchem.ncbi.nlm.nih.gov/#query=CIL56,https://www.ebi.ac.uk/chembl/g/#search_results/all/query=CIL56,https://www.google.com/search?q=CIL56%20mechanism%20of%20action,low,some ferroptosis-screen literature (PLA2G6-related) but not confident enough
MI-2,254,0.0646421,Epigenetic,https://pubchem.ncbi.nlm.nih.gov/#query=MI-2,https://www.ebi.ac.uk/chembl/g/#search_results/all/query=MI-2,https://www.google.com/search?q=MI-2%20mechanism%20of%20action,high,menin-MLL interaction inhibitor
Azd-1480,251,0.07466549,Kinase inhibitor,https://pubchem.ncbi.nlm.nih.gov/#query=Azd-1480,https://www.ebi.ac.uk/chembl/g/#search_results/all/query=Azd-1480,https://www.google.com/search?q=Azd-1480%20mechanism%20of%20action,high,JAK1/2 kinase inhibitor
